{
  "SDD": {
    "loss": 2.892213562811608,
    "perplexity": 18.033184051513672,
    "accuracy": 0.5451724143464398
  }
}